File,VIX_Threshold,Sell_Strike,Number of Trades,Total Return,Max Drawdown,Risk/Reward Ratio,Winrate (%),DTE,Spread_Cost_Interval
vix_put_spread_results_threshold_27-28_strike_25.0.csv,27-28,25.0,87,12888.599999999991,-70.8999999999999,181.78561354019757,97.70114942528735,1.0; 2.0; 4.0; 5.0; 6.0; 7.0; 8.0; 9.0; 10.0; 11.0; 12.0; 13.0; 14.0; 15.0; 16.0; 19.0; 20.0; 21.0; 22.0; 23.0; 26.0; 27.0; 29.0; 30.0,-289.99999999999994 to -18.5
