File,VIX_Threshold,Sell_Strike,Number of Trades,Total Return,Max Drawdown,Risk/Reward Ratio,Winrate (%),DTE,Spread_Cost_Interval
vix_put_spread_results_threshold_25-26_strike_22.0.csv,25-26,22.0,84,13150.199999999997,-202.39999999999998,64.97134387351778,97.61904761904762,1.0; 2.0; 5.0; 6.0; 7.0; 8.0; 9.0; 11.0; 12.0; 13.0; 15.0; 16.0; 18.0; 19.0; 20.0; 21.0; 22.0; 23.0; 26.0; 27.0; 28.0; 29.0; 30.0,-310.49999999999994 to -42.5
