File,VIX_Threshold,Sell_Strike,Number of Trades,Total Return,Max Drawdown,Risk/Reward Ratio,Winrate (%),DTE,Spread_Cost_Interval
vix_put_spread_results_threshold_28-29_strike_25.0.csv,28-29,25.0,77,10209.599999999995,-298.39999999999964,34.21447721179627,90.9090909090909,1.0; 2.0; 5.0; 6.0; 8.0; 9.0; 12.0; 13.0; 14.0; 15.0; 16.0; 19.0; 20.0; 21.0; 22.0; 23.0; 25.0; 29.0; 30.0,-346.50000000000006 to -22.0
