File,VIX_Threshold,Sell_Strike,Number of Trades,Total Return,Max Drawdown,Risk/Reward Ratio,Winrate (%),DTE,Spread_Cost_Interval
vix_put_spread_results_threshold_19-20_strike_18.0.csv,19-20,18.0,209,20875.699999999997,-431.49999999999994,48.379374275782155,92.82296650717703,1.0; 2.0; 4.0; 5.0; 6.0; 7.0; 8.0; 9.0; 12.0; 13.0; 14.0; 15.0; 16.0; 19.0; 20.0; 21.0; 22.0; 23.0; 26.0; 27.0; 28.0; 29.0; 30.0,-167.50000000000003 to -13.0
