File,VIX_Threshold,Sell_Strike,Number of Trades,Total Return,Max Drawdown,Risk/Reward Ratio,Winrate (%),DTE,Spread_Cost_Interval
vix_put_spread_results_threshold_25-26_strike_27.0.csv,25-26,27.0,27,4249.099999999999,-168.30000000000018,25.247177658942334,85.18518518518519,0.0; 12.0; 13.0; 16.0; 19.0; 22.0; 23.0; 27.0; 28.0,68.49999999999999 to 194.99999999999997
