File,VIX_Threshold,Sell_Strike,Number of Trades,Total Return,Max Drawdown,Risk/Reward Ratio,Winrate (%),DTE,Spread_Cost_Interval
vix_put_spread_results_threshold_19-20_strike_15.0.csv,19-20,15.0,138,20118.899999999998,-630.6999999999997,31.89931821785319,88.40579710144928,1.0; 2.0; 4.0; 5.0; 6.0; 7.0; 8.0; 12.0; 13.0; 14.0; 15.0; 16.0; 19.0; 20.0; 21.0; 22.0; 23.0; 26.0; 27.0; 28.0; 29.0; 30.0,-370.00000000000006 to -16.0
