File,VIX_Threshold,Sell_Strike,Number of Trades,Total Return,Max Drawdown,Risk/Reward Ratio,Winrate (%),DTE,Spread_Cost_Interval
vix_put_spread_results_threshold_20-21_strike_14.0.csv,20-21,14.0,61,10067.299999999996,-605.8999999999999,16.61544809374484,88.52459016393442,1.0; 2.0; 6.0; 8.0; 11.0; 12.0; 14.0; 15.0; 16.0; 17.0; 18.0; 19.0; 20.0; 22.0; 23.0; 26.0; 27.0; 28.0; 29.0; 30.0,-497.0 to -65.49999999999999
