File,VIX_Threshold,Sell_Strike,Number of Trades,Total Return,Max Drawdown,Risk/Reward Ratio,Winrate (%),DTE,Spread_Cost_Interval
vix_put_spread_results_threshold_23-24_strike_26.0.csv,23-24,26.0,53,5723.400000000001,-917.1999999999999,6.240078499781946,69.81132075471697,0.0; 5.0; 7.0; 8.0; 9.0; 14.0; 19.0; 20.0; 22.0; 26.0; 27.0; 28.0,140.00000000000003 to 286.00000000000006
