File,VIX_Threshold,Sell_Strike,Number of Trades,Total Return,Max Drawdown,Risk/Reward Ratio,Winrate (%),DTE,Spread_Cost_Interval
vix_put_spread_results_threshold_24-25_strike_21.0.csv,24-25,21.0,97,15599.099999999995,-265.20000000000016,58.82013574660628,93.81443298969072,1.0; 2.0; 5.0; 6.0; 7.0; 8.0; 9.0; 13.0; 14.0; 15.0; 20.0; 21.0; 22.0; 23.0; 26.0; 27.0; 28.0; 29.0; 30.0,-367.5 to -28.000000000000004
