File,VIX_Threshold,Sell_Strike,Number of Trades,Total Return,Max Drawdown,Risk/Reward Ratio,Winrate (%),DTE,Spread_Cost_Interval
vix_put_spread_results_threshold_14-15_strike_15.0.csv,14-15,15.0,138,15288.899999999998,-797.6000000000007,19.168630892678014,79.71014492753623,9.0; 14.0; 15.0; 16.0; 18.0; 19.0; 20.0; 21.0; 22.0; 23.0; 25.0; 26.0; 27.0; 28.0; 29.0; 30.0,0.0 to 80.50000000000001
