File,VIX_Threshold,Sell_Strike,Number of Trades,Total Return,Max Drawdown,Risk/Reward Ratio,Winrate (%),DTE,Spread_Cost_Interval
vix_put_spread_results_threshold_21-22_strike_20.0.csv,21-22,20.0,174,18162.199999999997,-208.4000000000001,87.15067178502873,95.97701149425288,1.0; 2.0; 5.0; 6.0; 7.0; 8.0; 9.0; 11.0; 12.0; 13.0; 14.0; 15.0; 16.0; 18.0; 19.0; 20.0; 21.0; 22.0; 23.0; 25.0; 26.0; 27.0; 28.0; 29.0,-167.50000000000003 to 4.499999999999993
