File,VIX_Threshold,Sell_Strike,Number of Trades,Total Return,Max Drawdown,Risk/Reward Ratio,Winrate (%),DTE,Spread_Cost_Interval
vix_put_spread_results_threshold_25-26_strike_15.0.csv,25-26,15.0,44,11959.699999999999,-124.6999999999998,95.90777866880528,97.72727272727273,1.0; 2.0; 5.0; 6.0; 7.0; 8.0; 9.0; 11.0; 12.0; 13.0; 15.0; 16.0; 19.0; 20.0; 21.0; 22.0; 23.0; 27.0; 28.0; 29.0; 30.0,-733.0000000000001 to -52.0
