File,VIX_Threshold,Sell_Strike,Number of Trades,Total Return,Max Drawdown,Risk/Reward Ratio,Winrate (%),DTE,Spread_Cost_Interval
vix_put_spread_results_threshold_30-31_strike_28.0.csv,30-31,28.0,53,8731.399999999998,-173.09999999999988,50.44136337377241,94.33962264150944,1.0; 2.0; 4.0; 5.0; 6.0; 7.0; 8.0; 9.0; 11.0; 12.0; 13.0; 14.0; 16.0; 20.0; 21.0; 22.0; 23.0; 26.0; 28.0; 30.0,-205.00000000000009 to -32.49999999999999
