File,VIX_Threshold,Sell_Strike,Number of Trades,Total Return,Max Drawdown,Risk/Reward Ratio,Winrate (%),DTE,Spread_Cost_Interval
vix_put_spread_results_threshold_26-27_strike_24.0.csv,26-27,24.0,89,11505.699999999995,-191.50000000000034,60.081984334203526,94.3820224719101,1.0; 2.0; 4.0; 5.0; 6.0; 7.0; 8.0; 9.0; 11.0; 12.0; 13.0; 14.0; 15.0; 16.0; 19.0; 21.0; 22.0; 23.0; 25.0; 26.0; 27.0; 28.0; 29.0,-232.50000000000003 to 15.500000000000025
