File,VIX_Threshold,Sell_Strike,Number of Trades,Total Return,Max Drawdown,Risk/Reward Ratio,Winrate (%),DTE,Spread_Cost_Interval
vix_put_spread_results_threshold_20-21_strike_22.0.csv,20-21,22.0,43,4937.900000000001,-326.80000000000024,15.109853121175021,79.06976744186046,12.0; 13.0; 16.0; 18.0; 21.0; 22.0; 23.0; 26.0; 29.0,43.99999999999999 to 181.50000000000003
