File,VIX_Threshold,Sell_Strike,Number of Trades,Total Return,Max Drawdown,Risk/Reward Ratio,Winrate (%),DTE,Spread_Cost_Interval
vix_put_spread_results_threshold_25-26_strike_18.0.csv,25-26,18.0,51,9924.299999999997,-325.60000000000014,30.480036855036836,94.11764705882352,1.0; 2.0; 5.0; 6.0; 7.0; 8.0; 9.0; 11.0; 12.0; 13.0; 15.0; 16.0; 19.0; 21.0; 22.0; 23.0; 25.0; 26.0; 27.0; 28.0; 29.0; 30.0,-563.5000000000001 to -94.5
