File,VIX_Threshold,Sell_Strike,Number of Trades,Total Return,Max Drawdown,Risk/Reward Ratio,Winrate (%),DTE,Spread_Cost_Interval
vix_put_spread_results_threshold_25-26_strike_23.0.csv,25-26,23.0,87,12121.099999999995,-244.00000000000003,49.67663934426227,94.25287356321839,1.0; 2.0; 6.0; 7.0; 8.0; 9.0; 11.0; 12.0; 13.0; 14.0; 15.0; 16.0; 18.0; 19.0; 20.0; 21.0; 22.0; 23.0; 26.0; 27.0; 29.0; 30.0,-250.4999999999999 to -20.5
