File,VIX_Threshold,Sell_Strike,Number of Trades,Total Return,Max Drawdown,Risk/Reward Ratio,Winrate (%),DTE,Spread_Cost_Interval
vix_put_spread_results_threshold_24-25_strike_18.0.csv,24-25,18.0,75,13753.499999999996,-334.3000000000002,41.14119054741247,94.66666666666667,1.0; 2.0; 5.0; 6.0; 7.0; 8.0; 9.0; 11.0; 12.0; 13.0; 14.0; 15.0; 16.0; 21.0; 22.0; 26.0; 27.0; 28.0; 29.0; 30.0,-530.5000000000001 to -28.000000000000004
