File,VIX_Threshold,Sell_Strike,Number of Trades,Total Return,Max Drawdown,Risk/Reward Ratio,Winrate (%),DTE,Spread_Cost_Interval
vix_put_spread_results_threshold_29-30_strike_28.0.csv,29-30,28.0,53,5705.399999999998,-106.40000000000003,53.62218045112778,96.22641509433963,1.0; 2.0; 5.0; 7.0; 8.0; 9.0; 11.0; 12.0; 13.0; 14.0; 15.0; 16.0; 18.0; 19.0; 20.0; 21.0; 22.0; 25.0; 26.0; 28.0,-189.0 to -15.999999999999998
