File,VIX_Threshold,Sell_Strike,Number of Trades,Total Return,Max Drawdown,Risk/Reward Ratio,Winrate (%),DTE,Spread_Cost_Interval
vix_put_spread_results_threshold_19-20_strike_20.0.csv,19-20,20.0,139,16339.700000000004,-746.6000000000004,21.885480846504148,79.85611510791367,9.0; 11.0; 12.0; 13.0; 14.0; 15.0; 18.0; 20.0; 21.0; 22.0; 23.0; 26.0; 27.0; 28.0; 29.0; 30.0,0.0 to 109.99999999999996
