File,VIX_Threshold,Sell_Strike,Number of Trades,Total Return,Max Drawdown,Risk/Reward Ratio,Winrate (%),DTE,Spread_Cost_Interval
vix_put_spread_results_threshold_16-17_strike_15.0.csv,16-17,15.0,209,20065.199999999997,-339.80000000000007,59.050029429075906,93.30143540669856,1.0; 2.0; 4.0; 5.0; 6.0; 7.0; 8.0; 9.0; 10.0; 11.0; 12.0; 13.0; 14.0; 15.0; 16.0; 19.0; 20.0; 21.0; 22.0; 23.0; 26.0; 27.0; 28.0; 29.0; 30.0,-160.0 to -4.000000000000001
