File,VIX_Threshold,Sell_Strike,Number of Trades,Total Return,Max Drawdown,Risk/Reward Ratio,Winrate (%),DTE,Spread_Cost_Interval
vix_put_spread_results_threshold_17-18_strike_14.0.csv,17-18,14.0,111,12951.799999999996,-557.7000000000004,23.223596915904583,90.09009009009009,1.0; 2.0; 4.0; 6.0; 7.0; 8.0; 9.0; 11.0; 12.0; 13.0; 14.0; 15.0; 16.0; 18.0; 19.0; 20.0; 21.0; 22.0; 23.0; 26.0; 27.0; 28.0; 29.0; 30.0,-264.49999999999994 to -4.000000000000001
