File,VIX_Threshold,Sell_Strike,Number of Trades,Total Return,Max Drawdown,Risk/Reward Ratio,Winrate (%),DTE,Spread_Cost_Interval
vix_put_spread_results_threshold_21-22_strike_19.0.csv,21-22,19.0,159,21661.699999999993,-333.0000000000001,65.0501501501501,93.71069182389937,1.0; 2.0; 4.0; 5.0; 6.0; 7.0; 8.0; 9.0; 12.0; 13.0; 14.0; 15.0; 16.0; 19.0; 20.0; 21.0; 22.0; 23.0; 25.0; 26.0; 27.0; 28.0; 29.0; 30.0,-235.50000000000009 to -18.5
