File,VIX_Threshold,Sell_Strike,Number of Trades,Total Return,Max Drawdown,Risk/Reward Ratio,Winrate (%),DTE,Spread_Cost_Interval
vix_put_spread_results_threshold_27-28_strike_24.0.csv,27-28,24.0,68,10415.899999999994,-240.9000000000001,43.23744292237439,89.70588235294117,1.0; 4.0; 5.0; 6.0; 7.0; 8.0; 9.0; 10.0; 11.0; 12.0; 13.0; 15.0; 16.0; 19.0; 20.0; 21.0; 22.0; 23.0; 26.0; 28.0; 29.0,-388.5 to -30.000000000000004
