File,VIX_Threshold,Sell_Strike,Number of Trades,Total Return,Max Drawdown,Risk/Reward Ratio,Winrate (%),DTE,Spread_Cost_Interval
vix_put_spread_results_threshold_23-24_strike_19.0.csv,23-24,19.0,143,20414.899999999994,-1084.3999999999999,18.82598672076724,88.11188811188812,1.0; 2.0; 4.0; 5.0; 6.0; 7.0; 8.0; 9.0; 11.0; 12.0; 13.0; 14.0; 15.0; 16.0; 18.0; 19.0; 20.0; 21.0; 22.0; 23.0; 25.0; 26.0; 27.0; 28.0; 29.0,-400.0 to -15.000000000000002
