File,VIX_Threshold,Sell_Strike,Number of Trades,Total Return,Max Drawdown,Risk/Reward Ratio,Winrate (%),DTE,Spread_Cost_Interval
vix_put_spread_results_threshold_26-27_strike_25.0.csv,26-27,25.0,92,10612.599999999995,-70.10000000000008,151.39229671897266,96.73913043478261,1.0; 2.0; 5.0; 6.0; 7.0; 8.0; 9.0; 11.0; 12.0; 13.0; 14.0; 15.0; 16.0; 19.0; 20.0; 21.0; 22.0; 23.0; 25.0; 26.0; 27.0; 28.0,-165.5000000000001 to -20.0
