File,VIX_Threshold,Sell_Strike,Number of Trades,Total Return,Max Drawdown,Risk/Reward Ratio,Winrate (%),DTE,Spread_Cost_Interval
vix_put_spread_results_threshold_26-27_strike_20.0.csv,26-27,20.0,58,11109.399999999998,-199.60000000000008,55.6583166332665,94.82758620689656,1.0; 2.0; 4.0; 5.0; 7.0; 8.0; 9.0; 11.0; 12.0; 13.0; 14.0; 15.0; 16.0; 19.0; 20.0; 21.0; 23.0; 26.0; 27.0; 28.0,-515.0 to -55.49999999999999
